1612518241,iltc-robot,lab1,main,277c0b811e215511005f3e4ce3fb7ea874ee5fc4,100
1612759580,iltc-robot,lab1,main,277c0b811e215511005f3e4ce3fb7ea874ee5fc4,100
1612759651,ksmaybe,lab1,main,277c0b811e215511005f3e4ce3fb7ea874ee5fc4,100
1612986034,EAirPeter,lab1,main,277c0b811e215511005f3e4ce3fb7ea874ee5fc4,100
1613076412,iltc-robot,lab1,main,277c0b811e215511005f3e4ce3fb7ea874ee5fc4,100
1613077105,iltc-robot,lab1,main,277c0b811e215511005f3e4ce3fb7ea874ee5fc4,100
1613077568,iltc-robot,lab1,main,277c0b811e215511005f3e4ce3fb7ea874ee5fc4,100
1613077611,kmish0923,lab1,main,277c0b811e215511005f3e4ce3fb7ea874ee5fc4,100
1613077657,parijatparimal29,lab1,main,277c0b811e215511005f3e4ce3fb7ea874ee5fc4,100
1613077690,nickfang96,lab1,main,277c0b811e215511005f3e4ce3fb7ea874ee5fc4,100
1613077730,endvroy,lab1,main,277c0b811e215511005f3e4ce3fb7ea874ee5fc4,100
1613077971,iltc-robot,lab1,main,277c0b811e215511005f3e4ce3fb7ea874ee5fc4,100
1613103643,Luolingwei,lab1,main,277c0b811e215511005f3e4ce3fb7ea874ee5fc4,100
1613103726,aathiramanoj,lab1,main,277c0b811e215511005f3e4ce3fb7ea874ee5fc4,100
1613142099,EAirPeter,lab1,main,277c0b811e215511005f3e4ce3fb7ea874ee5fc4,100
1613142156,Readw1,lab1,main,277c0b811e215511005f3e4ce3fb7ea874ee5fc4,100
1613142195,diogocvieira,lab1,main,277c0b811e215511005f3e4ce3fb7ea874ee5fc4,100
1613192607,xor-cliu,lab1,main,277c0b811e215511005f3e4ce3fb7ea874ee5fc4,100
1613233527,agnithamohan,lab1,main,277c0b811e215511005f3e4ce3fb7ea874ee5fc4,100
1613233557,reggieag,lab1,main,277c0b811e215511005f3e4ce3fb7ea874ee5fc4,100
1613269002,jvenkit1,lab1,main,277c0b811e215511005f3e4ce3fb7ea874ee5fc4,100
1613269025,zhengqixi,lab1,main,277c0b811e215511005f3e4ce3fb7ea874ee5fc4,100
1613269045,iltc-robot,lab1,main,277c0b811e215511005f3e4ce3fb7ea874ee5fc4,100
1613354729,yf1357,lab1,main,277c0b811e215511005f3e4ce3fb7ea874ee5fc4,100
1613354771,Rutvi-Malaviya,lab1,main,277c0b811e215511005f3e4ce3fb7ea874ee5fc4,100
1613408133,yt2097,lab1,main,277c0b811e215511005f3e4ce3fb7ea874ee5fc4,100
1613408151,XxwizxX,lab1,main,277c0b811e215511005f3e4ce3fb7ea874ee5fc4,100
1613408169,JackXu0,lab1,main,277c0b811e215511005f3e4ce3fb7ea874ee5fc4,100
1613408206,nmd1,lab1,main,277c0b811e215511005f3e4ce3fb7ea874ee5fc4,100
1613408237,kk3039,lab1,main,277c0b811e215511005f3e4ce3fb7ea874ee5fc4,100
1613510102,Gii27,lab1,main,277c0b811e215511005f3e4ce3fb7ea874ee5fc4,100
1613510122,limboaz,lab1,main,277c0b811e215511005f3e4ce3fb7ea874ee5fc4,100
1613510139,uditarora,lab1,main,277c0b811e215511005f3e4ce3fb7ea874ee5fc4,100
1613510196,wsghlby,lab1,main,277c0b811e215511005f3e4ce3fb7ea874ee5fc4,100
1613510210,liondon,lab1,main,277c0b811e215511005f3e4ce3fb7ea874ee5fc4,100
1613510225,ameymhadgut,lab1,main,277c0b811e215511005f3e4ce3fb7ea874ee5fc4,100
1613510321,LianghaoShu,lab1,main,277c0b811e215511005f3e4ce3fb7ea874ee5fc4,100
1613510357,disconsis,lab1,main,277c0b811e215511005f3e4ce3fb7ea874ee5fc4,100
1613510376,carlb15,lab1,main,277c0b811e215511005f3e4ce3fb7ea874ee5fc4,100
1613510491,Mirage30,lab1,main,277c0b811e215511005f3e4ce3fb7ea874ee5fc4,100
1613598193,ntlz,lab1,main,277c0b811e215511005f3e4ce3fb7ea874ee5fc4,100
1613598209,rvadaga,lab1,main,277c0b811e215511005f3e4ce3fb7ea874ee5fc4,100
1613598225,dylanhyl,lab1,main,277c0b811e215511005f3e4ce3fb7ea874ee5fc4,100
